﻿<?xml version="1.0" encoding="utf-8"?>
<?xml-stylesheet type="text/xsl" href="c:\program files (x86)\microsoft visual studio\2017\enterprise\team tools\static analysis tools\fxcop\Xml\CodeAnalysisReport.xsl"?>
<FxCopReport Version="15.0">
 <Targets>
  <Target Name="C:\Users\jhenao\Source\Repos\RegoLinkFlowConnector\RegoLinkFlowConnector\ITROI.Clarity.XogClient\GAC\ITROI.Clarity.XogClient.dll">
   <Modules>
    <Module Name="itroi.clarity.xogclient.dll">
     <Namespaces>
      <Namespace Name="ITROI.Clarity.XogClient">
       <Types>
        <Type Name="Xog" Kind="Class" Accessibility="Public" ExternallyVisible="True">
         <Members>
          <Member Name="#DisposeSession()" Kind="Method" Static="False" Accessibility="Public" ExternallyVisible="True">
           <Messages>
            <Message TypeName="Do not dispose objects multiple times" Category="Microsoft.Usage" CheckId="CA2202" Status="Active" Created="2018-12-27 19:26:08Z" FixCategory="DependsOnFix">
             <Issue Certainty="75" Level="Warning" Path="C:\Users\jhenao\Source\Repos\RegoLinkFlowConnector\RegoLinkFlowConnector\ITROI.Clarity.XogClient" File="Xog.cs" Line="305">Object 'responseStream' can be disposed more than once in method 'Xog.DisposeSession()'. To avoid generating a System.ObjectDisposedException you should not call Dispose more than one time on an object.: Lines: 305</Issue>
            </Message>
           </Messages>
          </Member>
          <Member Name="#ExecXmlXogHTTP(System.String)" Kind="Method" Static="False" Accessibility="Public" ExternallyVisible="True">
           <Messages>
            <Message TypeName="Do not dispose objects multiple times" Category="Microsoft.Usage" CheckId="CA2202" Status="Active" Created="2018-12-27 19:26:08Z" FixCategory="DependsOnFix">
             <Issue Certainty="75" Level="Warning" Path="C:\Users\jhenao\Source\Repos\RegoLinkFlowConnector\RegoLinkFlowConnector\ITROI.Clarity.XogClient" File="Xog.cs" Line="237">Object 'responseStream' can be disposed more than once in method 'Xog.ExecXmlXogHTTP(string)'. To avoid generating a System.ObjectDisposedException you should not call Dispose more than one time on an object.: Lines: 237</Issue>
            </Message>
           </Messages>
          </Member>
         </Members>
        </Type>
        <Type Name="XogBase" Kind="Class" Accessibility="Public" ExternallyVisible="True">
         <Members>
          <Member Name="#DecryptText(System.String)" Kind="Method" Static="False" Accessibility="Private" ExternallyVisible="False">
           <Messages>
            <Message TypeName="Do not dispose objects multiple times" Category="Microsoft.Usage" CheckId="CA2202" Status="Active" Created="2018-12-27 19:26:08Z" FixCategory="DependsOnFix">
             <Issue Certainty="75" Level="Warning" Path="C:\Users\jhenao\Source\Repos\RegoLinkFlowConnector\RegoLinkFlowConnector\ITROI.Clarity.XogClient" File="XogBase.cs" Line="135">Object 'csDecrypt' can be disposed more than once in method 'XogBase.DecryptText(string)'. To avoid generating a System.ObjectDisposedException you should not call Dispose more than one time on an object.: Lines: 135</Issue>
             <Issue Certainty="75" Level="Warning" Path="C:\Users\jhenao\Source\Repos\RegoLinkFlowConnector\RegoLinkFlowConnector\ITROI.Clarity.XogClient" File="XogBase.cs" Line="135">Object 'msDecrypt' can be disposed more than once in method 'XogBase.DecryptText(string)'. To avoid generating a System.ObjectDisposedException you should not call Dispose more than one time on an object.: Lines: 135, 136</Issue>
            </Message>
           </Messages>
          </Member>
         </Members>
        </Type>
        <Type Name="XogHttpWebRequest" Kind="Class" Accessibility="Public" ExternallyVisible="True">
         <Members>
          <Member Name="#ExecXog(System.String)" Kind="Method" Static="False" Accessibility="Private" ExternallyVisible="False">
           <Messages>
            <Message TypeName="Do not dispose objects multiple times" Category="Microsoft.Usage" CheckId="CA2202" Status="Active" Created="2018-12-27 19:26:08Z" FixCategory="DependsOnFix">
             <Issue Certainty="75" Level="Warning" Path="C:\Users\jhenao\Source\Repos\RegoLinkFlowConnector\RegoLinkFlowConnector\ITROI.Clarity.XogClient" File="XogHttpWebRequest.cs" Line="301">Object 'responseStream' can be disposed more than once in method 'XogHttpWebRequest.ExecXog(string)'. To avoid generating a System.ObjectDisposedException you should not call Dispose more than one time on an object.: Lines: 301</Issue>
            </Message>
           </Messages>
          </Member>
         </Members>
        </Type>
       </Types>
      </Namespace>
     </Namespaces>
    </Module>
   </Modules>
  </Target>
 </Targets>
 <Rules>
  <Rule TypeName="Do not dispose objects multiple times" Category="Microsoft.Usage" CheckId="CA2202">
   <Name>Do not dispose objects multiple times</Name>
   <Description>A correctly implemented Dispose method can be called multiple times without throwing an exception. However, this is not guaranteed and to avoid generating a System.ObjectDisposedException you should not call Dispose more than one time on an object.</Description>
   <Resolution Name="Default">Object {0} can be disposed more than once in method {1}. To avoid generating a System.ObjectDisposedException you should not call Dispose more than one time on an object.: Lines: 305</Resolution>
   <Owner>RuleOwner</Owner>
   <Url>http://msdn.microsoft.com/library/ms182334.aspx</Url>
   <Email />
   <MessageLevel Certainty="75">Warning</MessageLevel>
   <File Name="dataflowrules.dll" Version="15.0.0.0" />
  </Rule>
 </Rules>
 <Localized>
  <String Key="Category">Category</String>
  <String Key="Certainty">Certainty</String>
  <String Key="CollapseAll">Collapse All</String>
  <String Key="CheckId">Check Id</String>
  <String Key="Error">Error</String>
  <String Key="Errors">error(s)</String>
  <String Key="ExpandAll">Expand All</String>
  <String Key="Help">Help</String>
  <String Key="Line">Line</String>
  <String Key="Messages">message(s)</String>
  <String Key="LocationNotStoredInPdb">[Location not stored in Pdb]</String>
  <String Key="Project">Project</String>
  <String Key="Resolution">Resolution</String>
  <String Key="Rule">Rule</String>
  <String Key="RuleFile">Rule File</String>
  <String Key="RuleDescription">Rule Description</String>
  <String Key="Source">Source</String>
  <String Key="Status">Status</String>
  <String Key="Target">Target</String>
  <String Key="Warning">Warning</String>
  <String Key="Warnings">warning(s)</String>
  <String Key="ReportTitle">Code Analysis Report</String>
 </Localized>
</FxCopReport>
